Name,Position,Club,Market Value,Age,Primary Nationality,Secondary Nationality,Matches Played,Goals,Assists,Yellow Cards,Second Yellow Cards,Red Cards,Substituted In,Substituted Out,Own Goals
Erling Haaland,Centre-Forward,Manchester City,€200.00m,24,Norway,-,45,36,5,2,0,0,1,0,0
Vinicius Junior,Left Winger,Real Madrid,€200.00m,24,Brazil,Spain,38,18,11,14,0,1,4,0,0
Lamine Yamal,Right Winger,FC Barcelona,€180.00m,17,Spain,Equatorial Guinea,40,12,18,3,0,0,2,0,0
Jude Bellingham,Attacking Midfield,Real Madrid,€180.00m,21,England,Ireland,41,12,14,10,0,1,1,0,0
Kylian Mbappé,Centre-Forward,Real Madrid,€160.00m,26,France,Cameroon,44,28,4,3,0,0,3,0,0
Bukayo Saka,Right Winger,Arsenal FC,€150.00m,23,England,Nigeria,27,9,13,4,0,0,2,0,0
Florian Wirtz,Attacking Midfield,Bayer 04 Leverkusen,€140.00m,21,Germany,-,45,18,16,8,0,0,9,0,0
Jamal Musiala,Attacking Midfield,Bayern Munich,€140.00m,22,Germany,England,42,19,10,4,0,0,8,0,0
Phil Foden,Right Winger,Manchester City,€140.00m,24,England,-,40,10,6,2,0,0,11,0,0
Cole Palmer,Attacking Midfield,Chelsea FC,€130.00m,22,England,-,35,14,6,4,0,0,3,0,0
Federico Valverde,Central Midfield,Real Madrid,€130.00m,26,Uruguay,Spain,43,8,7,4,0,0,2,0,0
Rodri,Defensive Midfield,Manchester City,€130.00m,28,Spain,-,4,0,0,0,0,0,1,0,0
Declan Rice,Central Midfield,Arsenal FC,€110.00m,26,England,Ireland,43,7,9,6,1,0,4,1,0
Martin Ødegaard,Attacking Midfield,Arsenal FC,€110.00m,26,Norway,-,33,5,7,2,0,0,4,0,0
Pedri,Central Midfield,FC Barcelona,€100.00m,22,Spain,-,47,5,6,2,0,0,5,0,0
Rodrygo,Right Winger,Real Madrid,€100.00m,24,Brazil,Spain,40,13,8,0,0,0,9,0,0
Lautaro Martínez,Centre-Forward,Inter Milan,€100.00m,27,Argentina,-,38,17,6,1,0,0,5,0,0
Harry Kane,Centre-Forward,Bayern Munich,€90.00m,31,England,-,42,35,11,6,0,0,4,0,0
Khvicha Kvaratskhelia,Left Winger,Paris Saint-Germain,€85.00m,24,Georgia,-,38,8,8,3,0,0,6,0,0
Luis Díaz,Left Winger,Liverpool FC,€85.00m,28,Colombia,-,41,13,5,3,0,0,10,0,0
Moisés Caicedo,Defensive Midfield,Chelsea FC,€80.00m,23,Ecuador,-,33,1,2,10,0,0,1,0,0
Gavi,Central Midfield,FC Barcelona,€80.00m,20,Spain,-,25,2,3,6,0,0,13,0,0
Eduardo Camavinga,Central Midfield,Real Madrid,€80.00m,22,France,Congo,29,2,2,7,0,0,12,0,0
Julián Alvarez,Centre-Forward,Atlético de Madrid,€80.00m,25,Argentina,Italy,43,22,5,4,0,0,9,0,0
Xavi Simons,Attacking Midfield,RB Leipzig,€80.00m,21,Netherlands,Suriname,28,8,4,5,0,0,1,0,0
Alexis Mac Allister,Central Midfield,Liverpool FC,€80.00m,26,Argentina,Italy,41,5,4,11,0,0,7,0,0
Bruno Guimarães,Defensive Midfield,Newcastle United,€80.00m,27,Brazil,Spain,36,3,8,7,0,0,5,0,0
William Saliba,Centre-Back,Arsenal FC,€80.00m,23,France,Cameroon,43,2,0,4,0,1,1,0,0
Aurélien Tchouaméni,Defensive Midfield,Real Madrid,€80.00m,25,France,Cameroon,40,0,1,6,1,0,1,1,0
Raphinha,Left Winger,FC Barcelona,€80.00m,28,Brazil,Italy,41,27,19,5,0,0,1,0,0
Nicolò Barella,Central Midfield,Inter Milan,€80.00m,28,Italy,-,39,3,7,6,0,0,5,0,0
Enzo Fernández,Central Midfield,Chelsea FC,€75.00m,24,Argentina,-,34,5,9,7,0,0,7,0,0
Josko Gvardiol,Left-Back,Manchester City,€75.00m,23,Croatia,-,47,6,2,2,0,0,4,0,0
Dominik Szoboszlai,Central Midfield,Liverpool FC,€75.00m,24,Hungary,-,45,10,6,6,0,0,7,0,0
Gabriel Magalhães,Centre-Back,Arsenal FC,€75.00m,27,Brazil,-,40,5,1,5,0,0,2,0,0
Victor Osimhen,Centre-Forward,Galatasaray,€75.00m,26,Nigeria,-,34,28,5,6,0,0,6,0,0
Rafael Leão,Left Winger,AC Milan,€75.00m,25,Portugal,Angola,45,11,11,5,0,0,10,0,0
Alexander Isak,Centre-Forward,Newcastle United,€75.00m,25,Sweden,Eritrea,36,26,6,1,0,0,1,0,0
Viktor Gyökeres,Centre-Forward,Sporting CP,€75.00m,26,Sweden,Hungary,46,48,13,3,0,0,8,0,0
Marcus Thuram,Centre-Forward,Inter Milan,€75.00m,27,France,Guadeloupe,42,16,4,2,0,0,10,0,0
Alessandro Bastoni,Centre-Back,Inter Milan,€75.00m,25,Italy,-,46,1,5,7,0,0,4,0,0
Trent Alexander-Arnold,Right-Back,Liverpool FC,€75.00m,26,England,-,43,4,8,4,0,0,4,0,0
Kai Havertz,Centre-Forward,Arsenal FC,€75.00m,25,Germany,-,38,17,7,6,0,0,5,0,0
Rúben Dias,Centre-Back,Manchester City,€75.00m,27,Portugal,-,33,0,0,6,0,0,5,0,1
Pau Cubarsí,Centre-Back,FC Barcelona,€70.00m,18,Spain,-,43,1,3,4,0,1,6,0,0
Nico Williams,Left Winger,Athletic Bilbao,€70.00m,22,Spain,Ghana,40,9,7,2,0,0,8,0,0
Bradley Barcola,Left Winger,Paris Saint-Germain,€65.00m,22,France,Togo,48,20,12,4,0,0,10,0,0
Michael Olise,Right Winger,Bayern Munich,€65.00m,23,France,England,44,13,11,2,0,0,9,0,0
Darwin Núñez,Centre-Forward,Liverpool FC,€65.00m,25,Uruguay,-,39,7,7,8,0,0,22,0,0
Cristian Romero,Centre-Back,Tottenham Hotspur,€65.00m,26,Argentina,-,16,1,0,1,0,0,0,0,0
Warren Zaïre-Emery,Central Midfield,Paris Saint-Germain,€60.00m,19,France,Martinique,37,3,1,2,0,0,12,0,0
João Neves,Defensive Midfield,Paris Saint-Germain,€60.00m,20,Portugal,-,41,4,9,3,0,0,7,0,0
Rasmus Højlund,Centre-Forward,Manchester United,€60.00m,22,Denmark,-,42,7,2,2,0,0,14,0,0
Bremer,Centre-Back,Juventus FC,€60.00m,27,Brazil,-,8,0,0,1,0,0,0,0,0
Anthony Gordon,Left Winger,Newcastle United,€60.00m,24,England,-,39,10,6,4,0,1,4,0,0
Jérémy Doku,Left Winger,Manchester City,€60.00m,22,Belgium,Ghana,31,6,8,1,0,0,9,0,0
Omar Marmoush,Centre-Forward,Manchester City,€60.00m,26,Egypt,Canada,40,25,14,3,0,0,4,0,0
Cody Gakpo,Left Winger,Liverpool FC,€60.00m,25,Netherlands,Togo,45,18,6,4,0,0,15,0,0
Dejan Kulusevski,Attacking Midfield,Tottenham Hotspur,€60.00m,24,Sweden,North Macedonia,48,12,12,5,0,0,11,0,0
Martín Zubimendi,Defensive Midfield,Real Sociedad,€60.00m,26,Spain,-,42,2,2,9,0,0,4,0,0
Jules Koundé,Right-Back,FC Barcelona,€60.00m,26,France,Benin,48,3,8,4,0,0,4,0,0
Achraf Hakimi,Right-Back,Paris Saint-Germain,€60.00m,26,Morocco,Spain,41,6,12,6,0,0,2,0,0
Loïs Openda,Centre-Forward,RB Leipzig,€60.00m,25,Belgium,Morocco,41,12,10,5,1,0,3,1,0
Dušan Vlahović,Centre-Forward,Juventus FC,€60.00m,25,Serbia,-,36,14,3,4,0,0,8,0,0
James Maddison,Attacking Midfield,Tottenham Hotspur,€60.00m,28,England,-,37,11,7,8,0,0,12,0,0
Dani Olmo,Attacking Midfield,FC Barcelona,€60.00m,26,Spain,-,28,7,6,1,0,0,12,0,0
Bernardo Silva,Attacking Midfield,Manchester City,€60.00m,30,Portugal,-,44,4,4,8,0,0,8,0,0
Federico Dimarco,Left-Back,Inter Milan,€60.00m,27,Italy,-,40,5,11,3,0,0,5,0,0
Leny Yoro,Centre-Back,Manchester United,€55.00m,19,France,Cote d'Ivoire,21,0,0,3,0,0,9,0,0
Kobbie Mainoo,Central Midfield,Manchester United,€55.00m,19,England,Ghana,26,1,1,7,0,0,6,0,0
Nicolas Jackson,Centre-Forward,Chelsea FC,€55.00m,23,Senegal,The Gambia,29,10,5,7,0,0,2,0,0
Savinho,Right Winger,Manchester City,€55.00m,20,Brazil,-,38,2,9,4,0,0,9,0,0
Gabriel Martinelli,Left Winger,Arsenal FC,€55.00m,23,Brazil,Italy,37,7,4,3,0,0,10,0,0
Nuno Mendes,Left-Back,Paris Saint-Germain,€55.00m,22,Portugal,-,38,2,8,5,0,0,4,0,0
Levi Colwill,Centre-Back,Chelsea FC,€55.00m,22,England,-,30,1,1,7,0,0,2,0,0
Micky van de Ven,Centre-Back,Tottenham Hotspur,€55.00m,23,Netherlands,-,16,0,2,4,0,0,1,0,0
Vitinha,Central Midfield,Paris Saint-Germain,€55.00m,25,Portugal,-,42,6,5,1,0,0,11,0,0
Pedro Neto,Right Winger,Chelsea FC,€55.00m,25,Portugal,-,37,6,7,7,0,0,10,0,0
Amadou Onana,Defensive Midfield,Aston Villa,€55.00m,23,Belgium,Senegal,25,4,0,5,0,0,4,0,0
Ronald Araujo,Centre-Back,FC Barcelona,€55.00m,26,Uruguay,Spain,11,2,2,2,0,0,2,0,1
Eberechi Eze,Attacking Midfield,Crystal Palace,€55.00m,26,England,Nigeria,32,6,7,1,0,0,4,0,0
Ryan Gravenberch,Defensive Midfield,Liverpool FC,€55.00m,22,Netherlands,Suriname,46,0,3,6,0,0,1,0,0
Ademola Lookman,Second Striker,Atalanta BC,€55.00m,27,Nigeria,England,35,20,7,5,0,0,5,0,0
Ben White,Right-Back,Arsenal FC,€55.00m,27,England,-,16,0,1,3,0,0,5,0,0
Ollie Watkins,Centre-Forward,Aston Villa,€55.00m,29,England,-,44,15,13,0,0,0,7,0,0
Ousmane Dembélé,Right Winger,Paris Saint-Germain,€55.00m,27,France,-,40,30,6,1,1,0,10,1,0
Marcus Rashford,Left Winger,Aston Villa,€55.00m,27,England,St. Kitts & Nevis,33,7,7,4,0,0,10,0,0
Bruno Fernandes,Attacking Midfield,Manchester United,€55.00m,30,Portugal,-,48,17,15,7,2,1,1,2,0
Mohamed Salah,Right Winger,Liverpool FC,€55.00m,32,Egypt,-,45,34,22,1,0,0,2,0,0
Estêvão,Right Winger,Sociedade Esportiva Palmeiras,€50.00m,17,Brazil,-,12,5,0,1,0,0,3,0,0
Murillo,Centre-Back,Nottingham Forest,€50.00m,22,Brazil,-,29,1,0,5,0,0,0,0,0
Samu Aghehowa,Centre-Forward,FC Porto,€50.00m,20,Spain,Nigeria,34,20,3,5,0,1,7,0,0
Alejandro Garnacho,Left Winger,Manchester United,€50.00m,20,Argentina,Spain,44,8,8,1,0,0,19,0,0
Aleksandar Pavlovic,Defensive Midfield,Bayern Munich,€50.00m,20,Germany,Serbia,24,2,1,2,0,0,5,0,0
Pablo Barrios,Central Midfield,Atlético de Madrid,€50.00m,21,Spain,-,32,0,2,6,0,2,4,0,0
Jamie Gittens,Left Winger,Borussia Dortmund,€50.00m,20,England,Barbados,40,11,4,4,0,0,9,0,0
Fermín López,Central Midfield,FC Barcelona,€50.00m,21,Spain,-,29,5,5,4,0,1,19,0,0
Alejandro Balde,Left-Back,FC Barcelona,€50.00m,21,Spain,Dominican Republic,36,1,7,2,0,0,3,0,0
Benjamin Sesko,Centre-Forward,RB Leipzig,€50.00m,21,Slovenia,-,41,22,5,1,1,0,3,1,0
João Pedro,Centre-Forward,Brighton & Hove Albion,€50.00m,23,Brazil,-,25,8,7,4,0,0,4,0,0
Castello Lukeba,Centre-Back,RB Leipzig,€50.00m,22,France,Angola,23,0,0,6,0,0,7,0,1
Éderson,Central Midfield,Atalanta BC,€50.00m,25,Brazil,-,40,4,2,8,0,0,5,0,0
Oihan Sancet,Attacking Midfield,Athletic Bilbao,€50.00m,24,Spain,-,26,14,3,3,0,0,6,0,0
Gonçalo Ramos,Centre-Forward,Paris Saint-Germain,€50.00m,23,Portugal,-,27,13,5,1,0,0,16,0,0
Álex Baena,Left Winger,Villarreal CF,€50.00m,23,Spain,-,28,7,7,8,0,0,3,0,0
Mohammed Kudus,Right Winger,West Ham United,€50.00m,24,Ghana,-,33,3,3,2,0,1,2,0,0
Matheus Cunha,Centre-Forward,Wolverhampton Wanderers,€50.00m,25,Brazil,-,29,15,4,2,0,1,3,0,0
Jeremie Frimpong,Right Midfield,Bayer 04 Leverkusen,€50.00m,24,Netherlands,Ghana,42,3,10,6,0,0,12,0,0
Lisandro Martínez,Centre-Back,Manchester United,€50.00m,27,Argentina,-,32,2,2,9,0,0,1,0,0
Manuel Ugarte,Defensive Midfield,Manchester United,€50.00m,23,Uruguay,-,32,1,1,11,0,0,7,0,1
Brennan Johnson,Right Winger,Tottenham Hotspur,€50.00m,23,Wales,England,43,16,4,8,0,0,13,0,0
Tijjani Reijnders,Central Midfield,AC Milan,€50.00m,26,Netherlands,-,46,14,4,3,0,1,1,0,0
Alphonso Davies,Left-Back,Bayern Munich,€50.00m,24,Canada,Liberia,34,3,3,0,0,0,4,0,0
Bryan Mbeumo,Right Winger,Brentford FC,€50.00m,25,Cameroon,France,36,16,5,2,0,0,3,0,0
Teun Koopmeiners,Attacking Midfield,Juventus FC,€50.00m,27,Netherlands,-,38,4,3,5,0,0,7,0,0
Ibrahima Konaté,Centre-Back,Liverpool FC,€50.00m,25,France,Mali,38,2,2,9,0,0,3,0,0
Dayot Upamecano,Centre-Back,Bayern Munich,€50.00m,26,France,Guinea-Bissau,35,2,0,8,0,0,0,0,0
Christopher Nkunku,Centre-Forward,Chelsea FC,€50.00m,27,France,DR Congo,41,15,5,2,0,0,21,0,0
Diogo Jota,Centre-Forward,Liverpool FC,€50.00m,28,Portugal,-,32,8,3,2,0,0,13,0,0
Theo Hernández,Left-Back,AC Milan,€50.00m,27,France,Spain,41,4,6,5,1,1,3,1,0
Christian Pulisic,Right Winger,AC Milan,€50.00m,26,United States,Croatia,42,16,11,2,0,0,8,0,0
Joshua Kimmich,Defensive Midfield,Bayern Munich,€50.00m,30,Germany,-,46,2,11,7,0,0,1,0,0
Arda Güler,Right Winger,Real Madrid,€45.00m,20,Türkiye,-,35,4,6,2,0,0,19,0,0
Kenan Yıldız,Left Winger,Juventus FC,€45.00m,19,Türkiye,Germany,46,7,6,4,0,0,11,0,0
Victor Boniface,Centre-Forward,Bayer 04 Leverkusen,€45.00m,24,Nigeria,-,26,10,1,3,0,0,8,0,0
Giorgio Scalvini,Centre-Back,Atalanta BC,€45.00m,21,Italy,-,8,0,0,3,0,0,3,0,0
Pape Matar Sarr,Central Midfield,Tottenham Hotspur,€45.00m,22,Senegal,-,47,6,2,7,0,0,18,0,0
Destiny Udogie,Left-Back,Tottenham Hotspur,€45.00m,22,Italy,Nigeria,33,0,3,2,0,0,9,0,0
Pedro Porro,Right-Back,Tottenham Hotspur,€45.00m,25,Spain,-,44,2,8,4,0,0,6,0,0
Gonçalo Inácio,Centre-Back,Sporting CP,€45.00m,23,Portugal,-,33,5,3,6,0,0,4,0,0
Jonathan David,Centre-Forward,LOSC Lille,€45.00m,25,Canada,United States,45,26,12,6,0,0,7,0,0
Kaoru Mitoma,Left Winger,Brighton & Hove Albion,€45.00m,27,Japan,-,33,8,3,1,0,0,4,0,0
Min-jae Kim,Centre-Back,Bayern Munich,€45.00m,28,"Korea, South",-,37,3,0,2,0,0,0,0,0
Riccardo Calafiori,Left-Back,Arsenal FC,€45.00m,22,Italy,-,29,3,2,6,0,0,10,0,0
Morten Hjulmand,Defensive Midfield,Sporting CP,€45.00m,25,Denmark,-,42,3,2,12,1,0,2,1,0
Douglas Luiz,Central Midfield,Juventus FC,€45.00m,26,Brazil,-,22,0,0,2,0,0,16,0,0
Curtis Jones,Central Midfield,Liverpool FC,€45.00m,24,England,-,38,4,6,1,1,0,15,1,0
Jurrien Timber,Right-Back,Arsenal FC,€45.00m,23,Netherlands,Curacao,42,2,3,10,0,0,6,0,0
Pau Torres,Centre-Back,Aston Villa,€45.00m,28,Spain,-,25,0,1,2,0,0,2,0,0
Marc Guéhi,Centre-Back,Crystal Palace,€45.00m,24,England,Cote d'Ivoire,39,3,3,8,0,0,1,0,2
Alessandro Buongiorno,Centre-Back,SSC Napoli,€45.00m,25,Italy,-,25,1,0,2,0,0,2,0,0
Gabriel Jesus,Centre-Forward,Arsenal FC,€45.00m,27,Brazil,-,27,7,2,4,0,0,14,0,0
Sven Botman,Centre-Back,Newcastle United,€45.00m,25,Netherlands,-,6,0,0,1,0,0,0,0,0
Mikel Merino,Central Midfield,Arsenal FC,€45.00m,28,Spain,-,35,5,2,3,0,0,14,0,0
Frenkie de Jong,Central Midfield,FC Barcelona,€45.00m,27,Netherlands,-,30,2,1,3,0,0,17,0,0
Matthijs de Ligt,Centre-Back,Manchester United,€45.00m,25,Netherlands,-,42,2,0,6,0,0,6,0,0
Jarrod Bowen,Right Winger,West Ham United,€45.00m,28,England,-,31,9,5,0,0,0,4,0,0
Dominic Solanke,Centre-Forward,Tottenham Hotspur,€45.00m,27,England,Nigeria,34,11,8,0,0,0,8,0,1
Jack Grealish,Left Winger,Manchester City,€45.00m,29,England,Ireland,29,4,5,4,0,0,12,0,0
Leroy Sané,Right Winger,Bayern Munich,€45.00m,29,Germany,France,37,10,4,4,0,0,18,0,0
Jarrad Branthwaite,Centre-Back,Everton FC,€42.00m,22,England,-,25,0,1,3,0,0,2,0,0
Enzo Millot,Attacking Midfield,VfB Stuttgart,€42.00m,22,France,Martinique,36,8,6,9,0,0,8,0,0
Joshua Zirkzee,Centre-Forward,Manchester United,€42.00m,23,Netherlands,Nigeria,47,7,3,2,0,0,24,0,0
Ousmane Diomande,Centre-Back,Sporting CP,€40.00m,21,Cote d'Ivoire,-,37,2,0,4,1,1,4,1,0
Endrick,Centre-Forward,Real Madrid,€40.00m,18,Brazil,-,28,6,0,4,0,0,24,0,0
Désiré Doué,Left Winger,Paris Saint-Germain,€40.00m,19,France,Cote d'Ivoire,40,7,11,1,0,0,18,0,0
Maghnes Akliouche,Right Winger,AS Monaco,€40.00m,23,France,Algeria,34,5,8,3,0,0,4,0,0
João Gomes,Central Midfield,Wolverhampton Wanderers,€40.00m,24,Brazil,-,31,4,2,8,1,0,0,1,0
Hugo Ekitiké,Centre-Forward,Eintracht Frankfurt,€40.00m,22,France,Cameroon,37,19,7,2,0,0,5,0,0
Rico Lewis,Right-Back,Manchester City,€40.00m,20,England,-,41,1,5,3,1,0,8,1,0
Willian Pacho,Centre-Back,Paris Saint-Germain,€40.00m,23,Ecuador,-,39,0,1,2,0,0,5,0,1
Piero Hincapié,Centre-Back,Bayer 04 Leverkusen,€40.00m,23,Ecuador,-,35,2,1,5,1,0,4,1,0
Jhon Durán,Centre-Forward,Al-Nassr FC,€40.00m,21,Colombia,-,37,18,0,7,0,2,23,0,0
Evan Ferguson,Centre-Forward,West Ham United,€40.00m,20,Ireland,England,26,2,0,1,0,0,18,0,0
Roméo Lavia,Defensive Midfield,Chelsea FC,€40.00m,21,Belgium,-,12,0,1,4,0,0,3,0,0
Matheus Nunes,Central Midfield,Manchester City,€40.00m,26,Portugal,Brazil,30,3,8,5,0,0,9,0,0
Johan Bakayoko,Right Winger,PSV Eindhoven,€40.00m,21,Belgium,Cote d'Ivoire,42,10,3,3,0,0,13,0,0
Edmond Tapsoba,Centre-Back,Bayer 04 Leverkusen,€40.00m,26,Burkina Faso,-,42,0,2,7,0,0,2,0,1
Dani Vivian,Centre-Back,Athletic Bilbao,€40.00m,25,Spain,-,38,3,0,4,0,0,5,0,0
Noni Madueke,Right Winger,Chelsea FC,€40.00m,23,England,Nigeria,33,8,6,4,0,0,10,0,0
Morgan Rogers,Attacking Midfield,Aston Villa,€40.00m,22,England,-,44,14,7,10,0,0,3,0,0
Giorgi Mamardashvili,Goalkeeper,Valencia CF,€40.00m,24,Georgia,-,29,0,0,1,0,0,0,0,0
Conor Gallagher,Central Midfield,Atlético de Madrid,€40.00m,25,England,Ireland,39,4,4,4,0,0,16,0,0
Andrea Cambiaso,Left-Back,Juventus FC,€40.00m,25,Italy,-,40,4,3,5,0,0,9,0,0
Lucas Paquetá,Attacking Midfield,West Ham United,€40.00m,27,Brazil,Portugal,28,5,0,8,0,0,6,0,0
Morgan Gibbs-White,Attacking Midfield,Nottingham Forest,€40.00m,25,England,Jamaica,29,5,8,6,1,0,4,1,0
Takefusa Kubo,Right Winger,Real Sociedad,€40.00m,23,Japan,-,40,7,3,6,0,0,11,0,0
Exequiel Palacios,Central Midfield,Bayer 04 Leverkusen,€40.00m,26,Argentina,-,30,1,4,1,0,0,13,0,0
Éder Militão,Centre-Back,Real Madrid,€40.00m,27,Brazil,Spain,17,1,1,4,0,0,2,0,0
Nico Schlotterbeck,Centre-Back,Borussia Dortmund,€40.00m,25,Germany,-,39,0,5,9,1,1,0,1,0
Diogo Costa,Goalkeeper,FC Porto,€40.00m,25,Portugal,Switzerland,41,0,0,0,0,0,0,0,0
Diogo Dalot,Right-Back,Manchester United,€40.00m,25,Portugal,-,49,3,3,4,1,0,3,1,1
Benjamin Pavard,Centre-Back,Inter Milan,€40.00m,28,France,-,30,0,1,5,0,0,7,0,0
Robin Le Normand,Centre-Back,Atlético de Madrid,€40.00m,28,Spain,France,28,0,0,11,0,1,5,0,0
Joelinton,Central Midfield,Newcastle United,€40.00m,28,Brazil,-,31,4,1,11,0,0,0,0,0
Scott McTominay,Central Midfield,SSC Napoli,€40.00m,28,Scotland,England,36,9,4,4,0,0,6,0,0
Manuel Akanji,Centre-Back,Manchester City,€40.00m,29,Switzerland,Nigeria,34,0,1,4,0,0,1,0,0
Serhou Guirassy,Centre-Forward,Borussia Dortmund,€40.00m,29,Guinea,France,39,30,7,5,0,0,2,0,0
David Raya,Goalkeeper,Arsenal FC,€40.00m,29,Spain,-,46,0,0,4,0,0,0,0,0
Gregor Kobel,Goalkeeper,Borussia Dortmund,€40.00m,27,Switzerland,-,41,0,0,1,0,0,0,0,0
João Palhinha,Defensive Midfield,Bayern Munich,€40.00m,29,Portugal,-,21,0,0,2,0,1,11,0,0
Alejandro Grimaldo,Left-Back,Bayer 04 Leverkusen,€40.00m,29,Spain,-,42,4,11,3,1,0,5,1,0
Marquinhos,Centre-Back,Paris Saint-Germain,€40.00m,30,Brazil,Portugal,32,1,0,7,0,0,3,0,0
Hakan Çalhanoğlu,Defensive Midfield,Inter Milan,€40.00m,31,Türkiye,Germany,36,10,3,4,0,0,6,0,0
Ilya Zabarnyi,Centre-Back,AFC Bournemouth,€38.00m,22,Ukraine,-,34,0,0,3,0,1,0,0,0
António Silva,Centre-Back,SL Benfica,€38.00m,21,Portugal,-,33,1,1,4,0,0,3,0,0
Charles De Ketelaere,Attacking Midfield,Atalanta BC,€38.00m,24,Belgium,-,45,11,11,2,0,0,11,0,0
Sandro Tonali,Central Midfield,Newcastle United,€38.00m,24,Italy,-,40,4,4,5,0,0,10,0,0
Boubacar Kamara,Defensive Midfield,Aston Villa,€38.00m,25,France,Senegal,29,0,0,4,0,0,6,0,0
Leon Bailey,Right Winger,Aston Villa,€38.00m,27,Jamaica,-,38,2,4,5,0,0,11,0,0
Heung-min Son,Left Winger,Tottenham Hotspur,€38.00m,32,"Korea, South",-,39,11,11,1,0,0,6,0,0
Santiago Gimenez,Centre-Forward,AC Milan,€37.00m,23,Mexico,Italy,30,19,5,6,0,0,5,0,0
Francisco Conceição,Right Winger,Juventus FC,€36.00m,22,Portugal,-,31,5,5,5,1,0,13,1,0
Carlos Baleba,Defensive Midfield,Brighton & Hove Albion,€35.00m,21,Cameroon,-,33,3,2,7,1,0,2,1,0
Hugo Larsson,Central Midfield,Eintracht Frankfurt,€35.00m,20,Sweden,-,38,6,1,3,0,0,8,0,0
Alan Varela,Defensive Midfield,FC Porto,€35.00m,23,Argentina,-,36,0,3,9,0,0,6,0,0
Evanilson,Centre-Forward,AFC Bournemouth,€35.00m,25,Brazil,-,24,7,0,1,0,0,5,0,0
Malo Gusto,Right-Back,Chelsea FC,€35.00m,21,France,Martinique,28,0,2,3,0,0,8,0,0
Rayan Aït-Nouri,Left-Back,Wolverhampton Wanderers,€35.00m,23,Algeria,France,35,4,5,6,1,0,1,1,0
Harvey Elliott,Central Midfield,Liverpool FC,€35.00m,21,England,-,20,4,1,3,0,0,16,0,0
Mateo Retegui,Centre-Forward,Atalanta BC,€35.00m,25,Italy,Argentina,45,27,6,2,0,0,8,0,0
Cheick Doucouré,Defensive Midfield,Crystal Palace,€35.00m,25,Mali,-,14,0,0,1,0,0,9,0,0
Mason Greenwood,Right Winger,Olympique Marseille,€35.00m,23,England,-,27,16,3,1,0,0,1,0,0
Maximilian Kilman,Centre-Back,West Ham United,€35.00m,27,England,Ukraine,32,0,2,3,0,0,0,0,0
Tino Livramento,Right-Back,Newcastle United,€35.00m,22,England,Scotland,35,0,0,3,0,0,7,0,0
Karim Adeyemi,Right Winger,Borussia Dortmund,€35.00m,23,Germany,Nigeria,25,8,5,4,0,0,6,0,0
Nico González,Right Winger,Juventus FC,€35.00m,26,Argentina,Italy,25,3,4,0,0,0,6,0,0
Khéphren Thuram,Central Midfield,Juventus FC,€35.00m,23,France,Guadeloupe,38,4,4,2,0,0,13,0,0
Ezri Konsa,Centre-Back,Aston Villa,€35.00m,27,England,DR Congo,39,1,0,1,0,0,0,0,0
Yves Bissouma,Defensive Midfield,Tottenham Hotspur,€35.00m,28,Mali,Cote d'Ivoire,40,4,2,11,0,0,13,0,0
Dávid Hancko,Centre-Back,Feyenoord Rotterdam,€35.00m,27,Slovakia,-,44,5,6,7,0,0,0,0,0
Harvey Barnes,Left Winger,Newcastle United,€35.00m,27,England,Scotland,29,5,2,0,0,0,18,0,0
Moussa Diaby,Right Winger,Al-Ittihad Club,€35.00m,25,France,Mali,20,2,13,2,0,0,4,0,0
Nayef Aguerd,Centre-Back,Real Sociedad,€35.00m,28,Morocco,-,40,0,1,6,0,0,2,0,0
Rodrigo Bentancur,Defensive Midfield,Tottenham Hotspur,€35.00m,27,Uruguay,-,31,2,1,11,0,0,5,0,0
Mikel Oyarzabal,Centre-Forward,Real Sociedad,€35.00m,27,Spain,-,45,12,7,8,0,1,10,0,0
Fabián Ruiz,Central Midfield,Paris Saint-Germain,€35.00m,28,Spain,-,46,5,6,3,0,0,13,0,0
Gianluigi Donnarumma,Goalkeeper,Paris Saint-Germain,€35.00m,26,Italy,-,34,0,0,3,0,0,0,0,0
Brahim Díaz,Right Winger,Real Madrid,€35.00m,25,Morocco,Spain,42,13,7,1,0,0,21,0,0
Brais Méndez,Attacking Midfield,Real Sociedad,€35.00m,28,Spain,-,38,8,4,6,0,0,9,0,0
Guglielmo Vicario,Goalkeeper,Tottenham Hotspur,€35.00m,28,Italy,-,23,0,0,1,0,0,0,0,1
Kingsley Coman,Left Winger,Bayern Munich,€35.00m,28,France,Guadeloupe,35,6,4,2,0,0,18,0,0
André Onana,Goalkeeper,Manchester United,€35.00m,28,Cameroon,-,45,0,0,1,0,0,0,0,0
Julian Brandt,Attacking Midfield,Borussia Dortmund,€35.00m,28,Germany,-,35,4,10,1,0,0,2,0,0
Mike Maignan,Goalkeeper,AC Milan,€35.00m,29,France,French Guiana,46,0,0,3,0,0,0,0,0
Nathan Aké,Centre-Back,Manchester City,€35.00m,30,Netherlands,Cote d'Ivoire,20,0,0,0,0,0,4,0,0
Serge Gnabry,Left Winger,Bayern Munich,€35.00m,29,Germany,Cote d'Ivoire,36,5,5,2,0,0,17,0,0
Kevin De Bruyne,Attacking Midfield,Manchester City,€35.00m,33,Belgium,-,32,6,7,3,0,0,12,0,0
Adam Wharton,Defensive Midfield,Crystal Palace,€32.00m,21,England,-,17,0,1,1,0,0,5,0,0
Georgiy Sudakov,Attacking Midfield,Shakhtar Donetsk,€32.00m,22,Ukraine,-,34,13,4,4,0,0,3,0,0
Jean-Clair Todibo,Centre-Back,West Ham United,€32.00m,25,France,French Guiana,21,0,0,3,0,0,7,0,0
Jan Paul van Hecke,Centre-Back,Brighton & Hove Albion,€32.00m,24,Netherlands,-,33,1,1,5,0,0,2,0,0
Georginio Rutter,Centre-Forward,Brighton & Hove Albion,€32.00m,22,France,Martinique,33,8,5,3,0,0,10,0,0
Jacob Ramsey,Left Midfield,Aston Villa,€32.00m,23,England,-,34,3,5,1,0,0,15,0,0
Ian Maatsen,Left-Back,Aston Villa,€32.00m,23,Netherlands,Suriname,35,1,1,3,0,0,24,0,0
Mattéo Guendouzi,Central Midfield,SS Lazio,€32.00m,25,France,Morocco,41,2,5,7,0,0,3,0,0
Angelo Stiller,Defensive Midfield,VfB Stuttgart,€32.00m,23,Germany,-,41,3,6,6,0,0,4,0,0
Pedro Gonçalves,Left Winger,Sporting CP,€32.00m,26,Portugal,-,13,5,6,3,0,0,2,0,0
Quinten Timber,Central Midfield,Feyenoord Rotterdam,€32.00m,23,Netherlands,Curacao,30,6,1,6,0,0,4,0,0
Lutsharel Geertruida,Right-Back,RB Leipzig,€32.00m,24,Netherlands,Curacao,36,1,1,3,0,0,8,0,0
Joey Veerman,Central Midfield,PSV Eindhoven,€32.00m,26,Netherlands,-,31,1,11,3,0,0,8,0,0
Davide Frattesi,Central Midfield,Inter Milan,€32.00m,25,Italy,-,40,7,2,2,0,0,23,0,0
Emile Smith Rowe,Attacking Midfield,Fulham FC,€32.00m,24,England,-,30,5,2,1,0,0,8,0,0
Jerdy Schouten,Defensive Midfield,PSV Eindhoven,€32.00m,28,Netherlands,-,31,2,1,3,0,0,2,0,0
Mason Mount,Attacking Midfield,Manchester United,€32.00m,26,England,-,12,0,0,2,0,0,6,0,0
Noussair Mazraoui,Right-Back,Manchester United,€32.00m,27,Morocco,Netherlands,46,0,2,4,0,0,5,0,0
Takehiro Tomiyasu,Right-Back,Arsenal FC,€32.00m,26,Japan,-,1,0,0,0,0,0,1,0,0
Lucas Hernández,Left-Back,Paris Saint-Germain,€32.00m,29,France,Spain,16,0,0,2,0,0,7,0,0
Joachim Andersen,Centre-Back,Fulham FC,€32.00m,28,Denmark,-,26,1,1,8,0,1,0,0,1
John Stones,Centre-Back,Manchester City,€32.00m,30,England,-,24,3,2,2,0,0,8,0,0
Geovany Quenda,Right Winger,Sporting CP,€30.00m,17,Portugal,Guinea-Bissau,44,2,9,4,0,0,8,0,0
Jorrel Hato,Left-Back,Ajax Amsterdam,€30.00m,19,Netherlands,Curacao,45,3,6,11,0,0,4,0,0
Ethan Nwaneri,Right Winger,Arsenal FC,€30.00m,17,England,Nigeria,37,14,2,2,0,0,19,0,0
Lucas Beraldo,Centre-Back,Paris Saint-Germain,€30.00m,21,Brazil,-,22,1,0,5,0,0,4,0,0
Eliesse Ben Seghir,Left Winger,AS Monaco,€30.00m,20,Morocco,France,42,11,5,2,0,0,12,0,0
Mathys Tel,Centre-Forward,Tottenham Hotspur,€30.00m,19,France,Guadeloupe,22,2,1,0,0,0,12,0,0
Simon Adingra,Left Winger,Brighton & Hove Albion,€30.00m,23,Cote d'Ivoire,-,27,6,2,0,0,0,14,0,0
Bilal El Khannouss,Attacking Midfield,Leicester City,€30.00m,20,Morocco,Belgium,32,3,4,2,0,0,9,0,0
Cristhian Mosquera,Centre-Back,Valencia CF,€30.00m,20,Spain,Colombia,32,1,0,5,0,0,1,0,0
Odilon Kossounou,Centre-Back,Atalanta BC,€30.00m,24,Cote d'Ivoire,-,18,0,2,2,0,0,8,0,0
Marc Casadó,Defensive Midfield,FC Barcelona,€30.00m,21,Spain,-,37,1,6,3,1,0,8,1,0
Rayan Cherki,Attacking Midfield,Olympique Lyon,€30.00m,21,France,Algeria,35,9,19,5,0,0,9,0,0
Maximilian Beier,Centre-Forward,Borussia Dortmund,€30.00m,22,Germany,-,40,8,5,4,0,0,20,0,0
Youssouf Fofana,Defensive Midfield,AC Milan,€30.00m,26,France,Mali,44,1,6,7,0,0,7,0,0
Yéremy Pino,Right Winger,Villarreal CF,€30.00m,22,Spain,-,26,2,7,9,0,0,7,0,0
Kang-in Lee,Right Winger,Paris Saint-Germain,€30.00m,24,"Korea, South",-,40,6,5,1,0,0,18,0,0
Mykhaylo Mudryk,Left Winger,Chelsea FC,€30.00m,24,Ukraine,-,20,4,6,1,0,0,6,0,0
Isak Hien,Centre-Back,Atalanta BC,€30.00m,26,Sweden,Burkina Faso,39,0,2,11,0,0,3,0,0
Randal Kolo Muani,Centre-Forward,Juventus FC,€30.00m,26,France,DR Congo,29,10,4,1,0,0,13,0,0
Wesley Fofana,Centre-Back,Chelsea FC,€30.00m,24,France,Cote d'Ivoire,13,0,0,6,0,0,0,0,0
Brian Brobbey,Centre-Forward,Ajax Amsterdam,€30.00m,23,Netherlands,Ghana,41,8,6,5,0,0,12,0,0
Reece James,Right-Back,Chelsea FC,€30.00m,25,England,-,13,2,1,1,0,0,4,0,0
Malik Tillman,Attacking Midfield,PSV Eindhoven,€30.00m,22,United States,Germany,31,11,4,4,0,0,6,0,0
Lucas Chevalier,Goalkeeper,LOSC Lille,€30.00m,23,France,-,39,0,0,1,0,0,0,0,0
João Félix,Second Striker,AC Milan,€30.00m,25,Portugal,-,33,9,3,6,0,0,17,0,0
Yann Bisseck,Centre-Back,Inter Milan,€30.00m,24,Germany,Cameroon,29,1,3,3,0,0,9,0,0
Mats Wieffer,Defensive Midfield,Brighton & Hove Albion,€30.00m,25,Netherlands,-,23,1,2,5,0,0,17,0,0
Edson Álvarez,Defensive Midfield,West Ham United,€30.00m,27,Mexico,-,29,0,1,7,2,0,5,2,0
Jadon Sancho,Left Winger,Chelsea FC,€30.00m,24,England,Jamaica,28,2,6,1,0,0,10,0,0
Axel Disasi,Centre-Back,Aston Villa,€30.00m,27,France,DR Congo,23,2,2,4,0,0,3,0,1
Richarlison,Centre-Forward,Tottenham Hotspur,€30.00m,27,Brazil,-,14,3,1,1,0,0,8,0,0
Ferdi Kadıoğlu,Left-Back,Brighton & Hove Albion,€30.00m,25,Türkiye,Netherlands,15,3,0,2,0,0,4,0,0
Moise Kean,Centre-Forward,ACF Fiorentina,€30.00m,25,Italy,Cote d'Ivoire,37,21,3,8,0,0,7,0,0
Hiroki Ito,Centre-Back,Bayern Munich,€30.00m,25,Japan,-,7,1,0,1,0,0,4,0,0
Pervis Estupiñán,Left-Back,Brighton & Hove Albion,€30.00m,27,Ecuador,Spain,27,1,1,4,0,0,6,0,0
Artem Dovbyk,Centre-Forward,AS Roma,€30.00m,27,Ukraine,-,41,15,4,2,0,0,9,0,0
Denis Zakaria,Defensive Midfield,AS Monaco,€30.00m,28,Switzerland,DR Congo,27,4,2,8,0,0,2,0,0
Gianluca Scamacca,Centre-Forward,Atalanta BC,€30.00m,26,Italy,-,1,0,0,0,0,0,1,0,0
Marc Cucurella,Left-Back,Chelsea FC,€30.00m,26,Spain,-,36,5,4,7,1,0,5,1,0
Aleksandr Golovin,Attacking Midfield,AS Monaco,€30.00m,28,Russia,-,27,3,1,2,0,0,7,0,0
Youri Tielemans,Central Midfield,Aston Villa,€30.00m,27,Belgium,DR Congo,46,4,6,6,0,0,0,0,0
Ederson,Goalkeeper,Manchester City,€30.00m,31,Brazil,Portugal,29,0,3,3,0,0,0,0,0
Oleksandr Zinchenko,Left-Back,Arsenal FC,€30.00m,28,Ukraine,-,20,2,0,2,0,0,13,0,0
Jonathan Tah,Centre-Back,Bayer 04 Leverkusen,€30.00m,29,Germany,Cote d'Ivoire,43,2,1,7,0,0,1,0,0
Leandro Trossard,Left Winger,Arsenal FC,€30.00m,30,Belgium,-,46,7,8,3,1,0,14,1,0
Yankuba Minteh,Right Winger,Brighton & Hove Albion,€28.00m,20,The Gambia,-,34,7,6,6,0,0,12,0,0
Antonio Nusa,Left Winger,RB Leipzig,€28.00m,19,Norway,Nigeria,42,8,8,0,0,0,12,0,0
Danilo,Defensive Midfield,Nottingham Forest,€28.00m,23,Brazil,-,8,0,0,0,0,0,3,0,0
Milos Kerkez,Left-Back,AFC Bournemouth,€28.00m,21,Hungary,Serbia,33,2,5,6,0,0,2,0,0
Mohamed Simakan,Centre-Back,Al-Nassr FC,€28.00m,24,France,Guinea,31,1,3,3,1,1,1,1,0
Mario Gila,Centre-Back,SS Lazio,€28.00m,24,Spain,-,33,2,0,7,0,0,6,0,1
Antoine Semenyo,Right Winger,AFC Bournemouth,€28.00m,25,Ghana,England,35,9,5,10,0,0,2,0,0
Tomás Araújo,Centre-Back,SL Benfica,€28.00m,22,Portugal,-,35,0,3,1,0,0,0,0,0
Josip Stanisic,Right-Back,Bayern Munich,€28.00m,24,Croatia,Germany,11,0,1,0,0,0,6,0,0
Kiernan Dewsbury-Hall,Central Midfield,Chelsea FC,€28.00m,26,England,-,21,3,2,2,0,0,8,0,0
David Neres,Right Winger,SSC Napoli,€28.00m,28,Brazil,-,24,3,8,3,0,0,12,0,0
Nathan Collins,Centre-Back,Brentford FC,€28.00m,23,Ireland,-,38,2,1,5,0,0,2,0,0
Samuele Ricci,Defensive Midfield,Torino FC,€28.00m,23,Italy,-,33,1,2,8,0,0,2,0,0
Benoît Badiashile,Centre-Back,Chelsea FC,€28.00m,23,France,DR Congo,14,0,0,3,0,0,2,0,0
Orkun Kökçü,Central Midfield,SL Benfica,€28.00m,24,Türkiye,Netherlands,46,9,7,9,0,0,6,0,0
Jakub Kiwior,Centre-Back,Arsenal FC,€28.00m,25,Poland,-,22,0,3,1,0,0,9,0,0
Matty Cash,Right-Back,Aston Villa,€28.00m,27,Poland,England,26,1,2,6,0,0,4,0,0
Felix Nmecha,Central Midfield,Borussia Dortmund,€28.00m,24,Germany,England,29,4,2,4,0,0,8,0,0
Vitaliy Mykolenko,Left-Back,Everton FC,€28.00m,25,Ukraine,-,33,0,3,3,0,0,0,0,0
Ferran Torres,Right Winger,FC Barcelona,€28.00m,25,Spain,-,33,12,4,3,0,1,23,0,0
Yoane Wissa,Centre-Forward,Brentford FC,€28.00m,28,DR Congo,France,31,14,2,2,0,0,4,0,0
Ibrahim Sangaré,Defensive Midfield,Nottingham Forest,€28.00m,27,Cote d'Ivoire,-,10,0,3,3,0,0,5,0,0
Antonee Robinson,Left-Back,Fulham FC,€28.00m,27,United States,England,33,0,11,8,0,0,1,0,0
Joe Willock,Central Midfield,Newcastle United,€28.00m,25,England,Montserrat,33,3,2,3,0,0,19,0,0
Deniz Undav,Centre-Forward,VfB Stuttgart,€28.00m,28,Germany,Türkiye,31,13,4,4,0,0,7,0,0
Ermedin Demirovic,Centre-Forward,VfB Stuttgart,€28.00m,26,Bosnia-Herzegovina,-,43,13,4,9,0,0,16,0,0
Donyell Malen,Right Winger,Aston Villa,€28.00m,26,Netherlands,Suriname,33,5,4,2,0,0,20,0,0
Albert Gudmundsson,Second Striker,ACF Fiorentina,€28.00m,27,Iceland,-,22,7,1,2,0,0,10,0,0
Marcos Llorente,Right Midfield,Atlético de Madrid,€28.00m,30,Spain,-,34,5,7,1,0,1,7,0,0
Manuel Locatelli,Defensive Midfield,Juventus FC,€28.00m,27,Italy,-,40,0,2,6,0,0,6,0,0
Unai Simón,Goalkeeper,Athletic Bilbao,€28.00m,27,Spain,-,12,0,0,0,0,0,0,0,0
Joe Gomez,Centre-Back,Liverpool FC,€28.00m,27,England,The Gambia,17,0,0,2,0,0,6,0,0
Ivan Toney,Centre-Forward,Al-Ahli SFC,€28.00m,28,England,Jamaica,32,22,5,3,0,0,3,0,0
Rúben Neves,Defensive Midfield,Al-Hilal SFC,€28.00m,28,Portugal,-,30,1,8,5,0,0,3,0,0
Xaver Schlager,Central Midfield,RB Leipzig,€28.00m,27,Austria,-,5,0,0,1,0,0,3,0,0
Stanislav Lobotka,Defensive Midfield,SSC Napoli,€28.00m,30,Slovakia,-,33,0,2,3,0,0,2,0,0
Virgil van Dijk,Centre-Back,Liverpool FC,€28.00m,33,Netherlands,Suriname,44,3,1,5,1,0,0,1,0
Mateo Kovacic,Central Midfield,Manchester City,€28.00m,30,Croatia,-,37,5,1,7,0,0,10,0,0
Thiago Almada,Attacking Midfield,Olympique Lyon,€27.00m,23,Argentina,-,9,0,2,1,0,0,7,0,0
Pepê,Right Winger,FC Porto,€27.00m,28,Brazil,Italy,34,5,4,3,0,0,8,0,0
Galeno,Left Winger,Al-Ahli SFC,€27.00m,27,Brazil,Portugal,41,16,7,4,0,0,5,0,0
Jørgen Strand Larsen,Centre-Forward,Wolverhampton Wanderers,€27.00m,25,Norway,-,35,9,4,4,0,0,9,0,0
Trincão,Right Winger,Sporting CP,€27.00m,25,Portugal,-,44,9,14,2,0,0,3,0,0
Frank Anguissa,Central Midfield,SSC Napoli,€27.00m,29,Cameroon,-,33,5,3,6,0,0,2,0,0
Olivier Boscagli,Centre-Back,PSV Eindhoven,€27.00m,27,France,Monaco,35,1,5,3,0,0,2,0,0
Manu Koné,Central Midfield,AS Roma,€26.00m,23,France,Cote d'Ivoire,40,2,3,10,0,0,6,0,0
Pierre Kalulu,Centre-Back,Juventus FC,€26.00m,24,France,DR Congo,31,1,0,3,0,0,3,0,0
Ayyoub Bouaddi,Central Midfield,LOSC Lille,€25.00m,17,France,Morocco,38,0,2,2,0,0,16,0,0
Arthur Vermeeren,Defensive Midfield,RB Leipzig,€25.00m,20,Belgium,-,33,0,1,5,0,0,12,0,0
Archie Gray,Right-Back,Tottenham Hotspur,€25.00m,19,England,Scotland,40,0,0,2,0,0,10,0,1
Santiago Castro,Centre-Forward,Bologna FC 1909,€25.00m,20,Argentina,-,37,9,8,6,0,0,8,0,1
André,Defensive Midfield,Wolverhampton Wanderers,€25.00m,23,Brazil,-,27,0,0,4,0,0,4,0,0
Andrey Santos,Central Midfield,RC Strasbourg Alsace,€25.00m,20,Brazil,-,25,8,3,5,0,0,0,0,0
Malick Fofana,Left Winger,Olympique Lyon,€25.00m,19,Belgium,Guinea,35,9,5,2,0,0,16,0,0
Igor Thiago,Centre-Forward,Brentford FC,€25.00m,23,Brazil,Bulgaria,4,0,0,0,0,0,3,0,0
Alberto Moleiro,Attacking Midfield,UD Las Palmas,€25.00m,21,Spain,Cuba,29,5,0,5,0,0,4,0,0
Tyrick Mitchell,Left-Back,Crystal Palace,€25.00m,25,England,Jamaica,33,0,4,2,0,0,0,0,0
Loïc Badé,Centre-Back,Sevilla FC,€25.00m,24,France,Cote d'Ivoire,23,1,1,6,0,0,1,0,0
Lesley Ugochukwu,Defensive Midfield,Southampton FC,€25.00m,20,France,Nigeria,23,0,2,4,0,0,8,0,0
Brajan Gruda,Right Winger,Brighton & Hove Albion,€25.00m,20,Germany,Albania,18,0,2,0,0,0,11,0,0
Samuel Lino,Left Winger,Atlético de Madrid,€25.00m,25,Brazil,-,37,4,6,3,0,0,14,0,0
Lewis Hall,Left-Back,Newcastle United,€25.00m,20,England,-,37,0,7,4,0,0,6,0,0
Oscar Bobb,Right Winger,Manchester City,€25.00m,21,Norway,The Gambia,1,0,1,0,0,0,0,0,0
Elye Wahi,Centre-Forward,Eintracht Frankfurt,€25.00m,22,France,Cote d'Ivoire,20,3,1,2,0,0,12,0,0
Wilfried Singo,Centre-Back,AS Monaco,€25.00m,24,Cote d'Ivoire,-,31,3,3,4,1,0,5,1,0
Yan Couto,Right-Back,Borussia Dortmund,€25.00m,22,Brazil,Portugal,25,0,1,6,0,0,18,0,0
Liam Delap,Centre-Forward,Ipswich Town,€25.00m,22,England,Ireland,34,10,2,13,0,0,5,0,0
Leif Davis,Left-Back,Ipswich Town,€25.00m,25,England,-,28,1,3,5,0,0,0,0,0
Dwight McNeil,Attacking Midfield,Everton FC,€25.00m,25,England,Jamaica,15,4,3,1,0,0,0,0,0
Anthony Elanga,Right Winger,Nottingham Forest,€25.00m,22,Sweden,Cameroon,34,5,9,1,0,0,9,0,0
Radu Drăgușin,Centre-Back,Tottenham Hotspur,€25.00m,23,Romania,-,34,1,0,5,0,1,3,0,0
Bart Verbruggen,Goalkeeper,Brighton & Hove Albion,€25.00m,22,Netherlands,-,35,0,1,5,0,0,0,0,1
Anatoliy Trubin,Goalkeeper,SL Benfica,€25.00m,23,Ukraine,-,43,0,0,0,0,0,0,0,0
Amad Diallo,Right Winger,Manchester United,€25.00m,22,Cote d'Ivoire,Italy,38,9,7,3,0,0,13,0,0
Nuno Tavares,Left-Back,SS Lazio,€25.00m,25,Portugal,Cape Verde,27,0,9,3,1,0,4,1,0
Nicolò Rovella,Defensive Midfield,SS Lazio,€25.00m,23,Italy,-,35,0,3,13,0,1,7,0,0
Miguel Gutiérrez,Left-Back,Girona FC,€25.00m,23,Spain,-,31,2,5,3,0,0,1,0,0
Federico Gatti,Centre-Back,Juventus FC,€25.00m,26,Italy,-,40,1,2,4,0,0,4,0,1
Taylor Harwood-Bellis,Centre-Back,Southampton FC,€25.00m,23,England,-,32,4,0,7,0,0,3,0,0
Folarin Balogun,Centre-Forward,AS Monaco,€25.00m,23,United States,England,12,3,1,2,0,0,4,0,0
Edon Zhegrova,Right Winger,LOSC Lille,€25.00m,25,Kosovo,Germany,26,9,2,4,0,0,4,0,0
Daniel Muñoz,Right-Back,Crystal Palace,€25.00m,28,Colombia,-,33,5,5,10,0,0,0,0,0
Facundo Medina,Centre-Back,RC Lens,€25.00m,25,Argentina,-,23,0,1,8,1,1,0,1,0
Bafodé Diakité,Centre-Back,LOSC Lille,€25.00m,24,France,Guinea,41,3,1,7,0,0,1,0,1
Nahuel Molina,Right-Back,Atlético de Madrid,€25.00m,26,Argentina,-,33,1,3,0,0,0,12,0,0
Nikola Milenković,Centre-Back,Nottingham Forest,€25.00m,27,Serbia,-,35,4,2,6,0,0,1,0,0
Angel Gomes,Attacking Midfield,LOSC Lille,€25.00m,24,England,Portugal,24,2,2,3,1,0,7,1,0
Kerem Aktürkoğlu,Left Winger,SL Benfica,€25.00m,26,Türkiye,-,50,17,12,3,0,0,10,0,0
Evan Ndicka,Centre-Back,AS Roma,€25.00m,25,Cote d'Ivoire,France,46,1,2,3,0,0,0,0,0
Dan Ndoye,Right Winger,Bologna FC 1909,€25.00m,24,Switzerland,Senegal,34,6,2,3,0,0,4,0,0
Sean Longstaff,Central Midfield,Newcastle United,€25.00m,27,England,-,28,0,1,4,0,0,16,0,0
Eddie Nketiah,Centre-Forward,Crystal Palace,€25.00m,25,England,Ghana,25,4,1,4,0,0,15,0,0
Jonathan Burkardt,Centre-Forward,1.FSV Mainz 05,€25.00m,24,Germany,-,25,16,3,0,0,0,3,0,0
Malcom,Right Winger,Al-Hilal SFC,€25.00m,28,Brazil,Russia,33,10,12,3,0,0,2,0,0
Mathias Jensen,Central Midfield,Brentford FC,€25.00m,29,Denmark,-,19,0,1,1,0,0,9,0,0
David Raum,Left-Back,RB Leipzig,€25.00m,26,Germany,-,25,1,4,5,0,0,2,0,0
Kevin Danso,Centre-Back,Tottenham Hotspur,€25.00m,26,Austria,-,22,0,0,4,0,0,0,0,0
Rodrigo De Paul,Central Midfield,Atlético de Madrid,€25.00m,30,Argentina,Italy,40,3,7,7,0,0,10,0,0
Alex Iwobi,Left Winger,Fulham FC,€25.00m,28,Nigeria,England,36,7,4,1,0,0,4,0,0
Alexander Sørloth,Centre-Forward,Atlético de Madrid,€25.00m,29,Norway,-,44,17,5,4,0,0,24,0,0
Andrew Robertson,Left-Back,Liverpool FC,€25.00m,31,Scotland,-,44,1,1,6,0,1,6,0,0
Konrad Laimer,Central Midfield,Bayern Munich,€25.00m,27,Austria,-,38,3,1,12,0,0,11,0,0
Álex Remiro,Goalkeeper,Real Sociedad,€25.00m,29,Spain,-,39,0,0,0,0,0,0,0,0
Adrien Rabiot,Central Midfield,Olympique Marseille,€25.00m,29,France,-,24,8,2,3,0,0,3,0,0
Jan Oblak,Goalkeeper,Atlético de Madrid,€25.00m,32,Slovenia,-,41,0,0,0,0,0,0,0,0
Emiliano Martínez,Goalkeeper,Aston Villa,€25.00m,32,Argentina,Spain,40,0,0,2,0,0,0,0,0
Thibaut Courtois,Goalkeeper,Real Madrid,€25.00m,32,Belgium,-,36,0,0,0,0,0,0,0,1
Alisson,Goalkeeper,Liverpool FC,€25.00m,32,Brazil,-,28,0,0,0,0,0,0,0,0
Romelu Lukaku,Centre-Forward,SSC Napoli,€25.00m,31,Belgium,DR Congo,29,10,9,1,0,0,3,0,0
Aleksandar Mitrović,Centre-Forward,Al-Hilal SFC,€25.00m,30,Serbia,-,29,22,3,3,0,0,4,0,0
Jack Hinshelwood,Central Midfield,Brighton & Hove Albion,€24.00m,19,England,-,22,2,0,4,0,0,3,0,0
Elliot Anderson,Central Midfield,Nottingham Forest,€24.00m,22,England,Scotland,32,1,6,7,0,0,7,0,0
Zeno Debast,Centre-Back,Sporting CP,€24.00m,21,Belgium,-,42,2,4,5,0,0,12,0,0
Marcos Senesi,Centre-Back,AFC Bournemouth,€24.00m,27,Argentina,Italy,12,0,0,4,0,0,0,0,0
Callum Hudson-Odoi,Left Winger,Nottingham Forest,€24.00m,24,England,Ghana,28,5,2,2,0,0,5,0,0
Weston McKennie,Central Midfield,Juventus FC,€24.00m,26,United States,-,36,5,5,4,0,0,7,0,0
Tomas Soucek,Defensive Midfield,West Ham United,€24.00m,30,Czech Republic,-,35,8,1,10,0,0,3,0,0
Waldemar Anton,Centre-Back,Borussia Dortmund,€24.00m,28,Germany,-,29,1,3,5,0,0,11,0,1
Antonio Rüdiger,Centre-Back,Real Madrid,€24.00m,32,Germany,Sierra Leone,43,2,1,7,0,0,2,0,0
Ismael Saibari,Central Midfield,PSV Eindhoven,€23.00m,24,Morocco,Belgium,39,13,13,3,0,0,15,0,0
Gabri Veiga,Attacking Midfield,Al-Ahli SFC,€23.00m,22,Spain,-,36,6,5,6,0,0,5,0,0
Gabriel Sara,Central Midfield,Galatasaray,€23.00m,25,Brazil,-,36,2,7,3,0,0,3,0,0
Quilindschy Hartman,Left-Back,Feyenoord Rotterdam,€23.00m,23,Netherlands,Curacao,5,0,0,0,0,0,1,0,0
Pedro,Centre-Forward,CR Flamengo,€23.00m,27,Brazil,-,0,0,0,0,0,0,0,0,0
Vangelis Pavlidis,Centre-Forward,SL Benfica,€23.00m,26,Greece,-,48,21,9,4,0,0,12,0,0
John McGinn,Central Midfield,Aston Villa,€23.00m,30,Scotland,-,40,4,4,7,0,0,5,0,0
Luis Guilherme,Right Winger,West Ham United,€22.00m,19,Brazil,-,9,0,0,0,0,0,8,0,0
Facundo Buonanotte,Attacking Midfield,Leicester City,€22.00m,20,Argentina,Italy,28,5,3,8,0,0,13,0,0
Oscar Gloukh,Attacking Midfield,Red Bull Salzburg,€22.00m,20,Israel,-,38,9,7,1,0,0,5,0,0
Lewis Miley,Central Midfield,Newcastle United,€22.00m,18,England,-,17,2,0,0,0,0,10,0,0
Tyler Dibling,Right Winger,Southampton FC,€22.00m,19,England,-,35,5,2,7,0,0,11,0,0
Luiz Henrique,Right Winger,Zenit St. Petersburg,€22.00m,24,Brazil,-,2,0,0,1,0,0,0,0,0
Mohamed Amoura,Centre-Forward,VfL Wolfsburg,€22.00m,24,Algeria,-,31,12,9,5,0,0,3,0,0
Omari Hutchinson,Attacking Midfield,Ipswich Town,€22.00m,21,England,Jamaica,28,3,2,5,0,0,2,0,0
Matías Soulé,Right Winger,AS Roma,€22.00m,21,Argentina,Italy,29,3,1,2,0,0,15,0,0
Julio Enciso,Attacking Midfield,Ipswich Town,€22.00m,21,Paraguay,-,21,1,2,2,0,0,11,0,0
Jarell Quansah,Centre-Back,Liverpool FC,€22.00m,22,England,Scotland,22,0,0,3,0,0,11,0,1
Aaron Hickey,Right-Back,Brentford FC,€22.00m,22,Scotland,-,0,0,0,0,0,0,0,0,0
Aitor Paredes,Centre-Back,Athletic Bilbao,€22.00m,24,Spain,-,29,4,1,2,1,0,2,1,0
Carlos Augusto,Left-Back,Inter Milan,€22.00m,26,Brazil,Italy,30,2,4,2,0,0,17,0,0
Fábio Vieira,Attacking Midfield,FC Porto,€22.00m,24,Portugal,-,30,4,4,6,0,0,12,0,0
Amine Adli,Left Winger,Bayer 04 Leverkusen,€22.00m,24,Morocco,France,21,1,1,2,0,0,12,0,0
Yunus Musah,Central Midfield,AC Milan,€22.00m,22,United States,England,40,1,3,5,1,0,12,1,0
Aaron Wan-Bissaka,Right-Back,West Ham United,€22.00m,27,England,DR Congo,30,2,2,2,0,0,1,0,1
Crysencio Summerville,Left Winger,West Ham United,€22.00m,23,Netherlands,Suriname,22,1,2,2,0,0,12,0,0
Kevin Schade,Left Winger,Brentford FC,€22.00m,23,Germany,Nigeria,34,8,3,2,0,0,13,0,0
Rodrigo Riquelme,Left Winger,Atlético de Madrid,€22.00m,24,Spain,-,20,1,1,0,0,0,12,0,0
Sam Beukema,Centre-Back,Bologna FC 1909,€22.00m,26,Netherlands,-,36,0,2,3,0,0,2,0,0
Youssef En-Nesyri,Centre-Forward,Fenerbahce,€22.00m,27,Morocco,-,46,29,6,5,0,0,17,0,0
Lewis Ferguson,Attacking Midfield,Bologna FC 1909,€22.00m,25,Scotland,-,17,1,0,2,0,0,7,0,0
Matt O'Riley,Central Midfield,Brighton & Hove Albion,€22.00m,24,Denmark,England,17,1,2,1,0,0,8,0,1
Dodô,Right-Back,ACF Fiorentina,€22.00m,26,Brazil,-,36,0,4,8,0,0,3,0,0
Igor,Centre-Back,Brighton & Hove Albion,€22.00m,27,Brazil,-,15,0,0,5,0,0,3,0,0
Sergiño Dest,Right-Back,PSV Eindhoven,€22.00m,24,United States,Netherlands,1,0,0,0,0,0,1,0,0
Ritsu Doan,Right Winger,SC Freiburg,€22.00m,26,Japan,-,28,8,7,1,0,0,1,0,0
Raoul Bellanova,Right Midfield,Atalanta BC,€22.00m,24,Italy,-,37,1,8,3,0,0,9,0,0
Igor Zubeldia,Centre-Back,Real Sociedad,€22.00m,27,Spain,-,34,0,0,9,0,1,0,0,0
Federico Chiesa,Right Winger,Liverpool FC,€22.00m,27,Italy,-,10,1,2,0,0,0,7,0,0
Caoimhín Kelleher,Goalkeeper,Liverpool FC,€22.00m,26,Ireland,-,23,0,0,0,0,0,0,0,0
Justin Kluivert,Attacking Midfield,AFC Bournemouth,€22.00m,25,Netherlands,Suriname,32,13,7,7,0,0,7,0,0
Matvey Safonov,Goalkeeper,Paris Saint-Germain,€22.00m,26,Russia,-,12,0,0,0,0,0,1,0,0
Dominic Calvert-Lewin,Centre-Forward,Everton FC,€22.00m,27,England,-,22,3,1,2,0,0,3,0,0
Fikayo Tomori,Centre-Back,AC Milan,€22.00m,27,England,Canada,25,0,1,5,1,0,4,1,0
Taiwo Awoniyi,Centre-Forward,Nottingham Forest,€22.00m,27,Nigeria,-,28,2,0,0,0,0,22,0,0
Hee-chan Hwang,Centre-Forward,Wolverhampton Wanderers,€22.00m,29,"Korea, South",-,22,2,1,0,0,0,14,0,0
Sofyan Amrabat,Defensive Midfield,Fenerbahce,€22.00m,28,Morocco,Netherlands,41,2,4,10,0,0,9,0,0
Vitaly Janelt,Defensive Midfield,Brentford FC,€22.00m,26,Germany,-,30,1,3,3,0,0,3,0,1
Viktor Tsygankov,Right Winger,Girona FC,€22.00m,27,Ukraine,-,23,2,5,1,0,0,4,0,0
Patrik Schick,Centre-Forward,Bayer 04 Leverkusen,€22.00m,29,Czech Republic,-,37,22,1,5,0,0,17,0,0
Leon Goretzka,Central Midfield,Bayern Munich,€22.00m,30,Germany,-,32,5,1,7,0,0,14,0,0
Raheem Sterling,Right Winger,Arsenal FC,€22.00m,30,England,Jamaica,23,1,4,5,0,0,13,0,0
Antoine Griezmann,Centre-Forward,Atlético de Madrid,€22.00m,33,France,-,43,16,7,2,0,0,7,0,0
Nico Paz,Attacking Midfield,Como 1907,€20.00m,20,Argentina,Spain,26,6,5,4,0,0,4,0,0
Vitor Roque,Centre-Forward,Sociedade Esportiva Palmeiras,€20.00m,20,Brazil,-,35,7,2,4,0,1,14,0,0
Patrick Dorgu,Left-Back,Manchester United,€20.00m,20,Denmark,Nigeria,33,4,1,3,0,2,3,0,1
Jeanuël Belocian,Centre-Back,Bayer 04 Leverkusen,€20.00m,20,France,Guadeloupe,9,0,0,1,0,0,6,0,0
Lamine Camara,Central Midfield,AS Monaco,€20.00m,21,Senegal,-,35,2,6,7,1,0,6,1,0
Habib Diarra,Central Midfield,RC Strasbourg Alsace,€20.00m,21,Senegal,France,31,7,3,7,0,0,5,0,0
Alex Scott,Central Midfield,AFC Bournemouth,€20.00m,21,England,Guernsey,15,0,0,3,0,0,10,0,0
Javi Guerra,Central Midfield,Valencia CF,€20.00m,21,Spain,-,30,2,3,3,0,0,6,0,0
Ange-Yoan Bonny,Centre-Forward,Parma Calcio 1913,€20.00m,21,France,Cote d'Ivoire,31,6,2,2,0,0,8,0,0
Dango Ouattara,Left Winger,AFC Bournemouth,€20.00m,23,Burkina Faso,-,32,11,4,1,0,0,13,0,0
Vanderson,Right-Back,AS Monaco,€20.00m,23,Brazil,-,33,2,4,8,1,0,2,1,0
Rodrigo Muniz,Centre-Forward,Fulham FC,€20.00m,23,Brazil,-,31,8,2,1,0,0,21,0,0
Jacob Greaves,Centre-Back,Ipswich Town,€20.00m,24,England,-,20,1,0,4,0,0,1,0,0
Johnny Cardoso,Defensive Midfield,Real Betis Balompié,€20.00m,23,United States,Italy,36,2,1,5,0,0,7,0,0
Marcos Leonardo,Centre-Forward,Al-Hilal SFC,€20.00m,21,Brazil,-,35,24,2,3,0,0,6,0,0
Orri Óskarsson,Centre-Forward,Real Sociedad,€20.00m,20,Iceland,-,50,17,1,3,0,0,23,0,0
El Bilal Touré,Centre-Forward,VfB Stuttgart,€20.00m,23,Mali,Cote d'Ivoire,18,5,1,0,0,0,10,0,0
Keane Lewis-Potter,Left Winger,Brentford FC,€20.00m,24,England,-,33,2,3,5,0,0,4,0,0
Beñat Prados,Central Midfield,Athletic Bilbao,€20.00m,24,Spain,-,32,2,1,6,0,0,11,0,0
Conor Bradley,Right-Back,Liverpool FC,€20.00m,21,Northern Ireland,-,28,1,2,3,0,0,13,0,0
Matteo Ruggeri,Left Midfield,Atalanta BC,€20.00m,22,Italy,-,32,0,2,2,0,0,9,0,0
Ander Barrenetxea,Left Winger,Real Sociedad,€20.00m,23,Spain,-,38,7,5,5,0,0,20,0,0
Toti,Centre-Back,Wolverhampton Wanderers,€20.00m,26,Portugal,Guinea-Bissau,25,0,1,4,0,0,2,0,0
